Filename,Volume,Dim X,Dim Y,Dim Z
00000000.obj,198.65512237295533,6.914759874343872,8.94167646765709,7.304928302764893
00000005.obj,31.617648880626223,6.180589199066162,2.1873822435736656,5.907714841887355
00000019.obj,27.94834886748281,7.877753973007202,1.8234604597091675,6.003522127866745
00000021.obj,30.449775840399973,6.6606056690216064,3.3904290199279785,4.009004272520542
00000024.obj,24.558491696413906,5.017802715301514,3.281913734972477,4.655752256512642
